<application>
  <component name="TipsStore">
    <option name="globalFirstStartUp" value="false" />
    <entry projectName="0A-00-27-00-00-04-D:/desktop/xiantian-project/app" firstStartUp="false" />
    <entry projectName="0A-00-27-00-00-04-D:/desktop/xiantian-project/bot" firstStartUp="false" />
    <entry projectName="0A-00-27-00-00-04-D:/desktop/xiantian-project/demo/kot" firstStartUp="false" />
    <entry projectName="0A-00-27-00-00-04-D:/xtproject/WxJava-master" firstStartUp="false" />
    <entry projectName="A8Translate-master" firstStartUp="false" />
    <entry projectName="AITranslate-master" firstStartUp="false" />
    <entry projectName="app" firstStartUp="false" />
    <entry projectName="cloud" firstStartUp="false" />
    <entry projectName="codestyle" firstStartUp="false" />
    <entry projectName="demo" firstStartUp="false" />
    <entry projectName="esdemo" firstStartUp="false" />
    <entry projectName="gradle-jfx" firstStartUp="false" />
    <entry projectName="java-design-patterns" firstStartUp="false" />
    <entry projectName="javafxdemo" firstStartUp="false" />
    <entry projectName="jfxd" firstStartUp="false" />
    <entry projectName="jfxdemo" firstStartUp="false" />
    <entry projectName="just-plugin" firstStartUp="false" />
    <entry projectName="kdemo" firstStartUp="false" />
    <entry projectName="kot" firstStartUp="false" />
    <entry projectName="lombok-master" firstStartUp="false" />
    <entry projectName="mica" firstStartUp="false" />
    <entry projectName="mica-master" firstStartUp="false" />
    <entry projectName="mofang" firstStartUp="false" />
    <entry projectName="plexpt" firstStartUp="false" />
    <entry projectName="pluginone" firstStartUp="false" />
    <entry projectName="renren-fast" firstStartUp="false" />
    <entry projectName="sh-gasedicopyr" firstStartUp="false" />
    <entry projectName="superboot" firstStartUp="false" />
    <entry projectName="untitled" firstStartUp="false" />
    <entry projectName="vhr-master" firstStartUp="false" />
    <entry projectName="websocket-demo" firstStartUp="false" />
    <entry projectName="weixin-java-mp-demo-springboot" firstStartUp="false" />
    <entry projectName="xt-platform" firstStartUp="false" />
    <entry projectName="zkbc-generator" firstStartUp="false" />
    <entry projectName="zkbc-hep" firstStartUp="false" />
  </component>
</application>