<application>
  <component name="AccountStore">
    <option name="accountString" value="{&quot;ecs@xiantian.onaliyun.com&quot;:{&quot;profileName&quot;:&quot;ecs@xiantian.onaliyun.com&quot;,&quot;ak&quot;:&quot;LTAIV40yhRVedkmk&quot;,&quot;secret&quot;:&quot;i6iFljZyjf4y0OH5Wtg5iBNO4wtTCx&quot;,&quot;show&quot;:false}}" />
    <option name="allAccount">
      <map>
        <entry key="ecs@xiantian.onaliyun.com">
          <value>
            <AccountModel>
              <option name="ak" value="LTAIV40yhRVedkmk" />
              <option name="profileName" value="ecs@xiantian.onaliyun.com" />
              <option name="secret" value="i6iFljZyjf4y0OH5Wtg5iBNO4wtTCx" />
            </AccountModel>
          </value>
        </entry>
      </map>
    </option>
    <option name="defaultProfile" value="ecs@xiantian.onaliyun.com" />
  </component>
</application>