<application>
  <component name="FileTypeManager" version="17">
    <extensionMap>
      <mapping pattern="*.js.flow" type="Flow" />
      <mapping pattern="*.js.flow" type="Flow" />
      <mapping pattern="tttt" type="PLAIN_TEXT" />
      <mapping pattern="x" type="PLAIN_TEXT" />
      <mapping pattern="sys_user_20190911.sql" type="PLAIN_TEXT" />
      <mapping ext="lang" type="PLAIN_TEXT" />
      <mapping ext="gpg" type="PLAIN_TEXT" />
      <mapping ext="original" type="PLAIN_TEXT" />
      <mapping ext="key" type="PLAIN_TEXT" />
    </extensionMap>
  </component>
</application>