<application>
  <component name="GitRememberedInputs">
    <option name="visitedUrls">
      <list>
        <UrlAndUserName>
          <option name="url" value="https://github.com/lerry903/spring-boot-api-project-seed.git" />
          <option name="userName" value="" />
        </UrlAndUserName>
        <UrlAndUserName>
          <option name="url" value="https://github.com/lihengming/spring-boot-api-project-seed.git" />
          <option name="userName" value="" />
        </UrlAndUserName>
      </list>
    </option>
    <option name="cloneParentDir" value="D:\project\java" />
  </component>
  <component name="Vcs.Log.App.Settings">
    <option name="COLUMN_ORDER">
      <list>
        <option value="0" />
        <option value="1" />
        <option value="2" />
        <option value="3" />
      </list>
    </option>
  </component>
</application>