<keymap version="1" name="Default for XWin copy" parent="Default for XWin">
  <action id="A8Translate.TranslateAction">
    <keyboard-shortcut first-keystroke="alt v" />
  </action>
  <action id="CloseContent">
    <keyboard-shortcut first-keystroke="ctrl f4" />
    <keyboard-shortcut first-keystroke="ctrl q" />
  </action>
  <action id="EditorDeleteLine">
    <keyboard-shortcut first-keystroke="ctrl d" />
  </action>
  <action id="EditorDuplicate">
    <keyboard-shortcut first-keystroke="ctrl y" />
  </action>
  <action id="EditorPasteSimple" />
  <action id="FixDocComment">
    <keyboard-shortcut first-keystroke="ctrl alt slash" />
  </action>
  <action id="GuiDesigner.QuickJavadoc">
    <mouse-shortcut keystroke="alt button2" />
  </action>
  <action id="QuickJavaDoc">
    <mouse-shortcut keystroke="alt button2" />
  </action>
  <action id="ReformatCode">
    <keyboard-shortcut first-keystroke="ctrl alt l" />
    <keyboard-shortcut first-keystroke="ctrl alt 0" />
  </action>
  <action id="RunClass">
    <keyboard-shortcut first-keystroke="shift ctrl x" />
  </action>
  <action id="SurroundWith">
    <keyboard-shortcut first-keystroke="ctrl alt t" />
    <keyboard-shortcut first-keystroke="alt t" />
  </action>
  <action id="VimPluginToggle">
    <keyboard-shortcut first-keystroke="shift ctrl alt comma" />
    <keyboard-shortcut first-keystroke="shift ctrl alt v" />
  </action>
  <action id="mybatis.AutoCoding">
    <keyboard-shortcut first-keystroke="ctrl alt 1" />
  </action>
</keymap>