<application>
  <component name="libraryTable">
    <library name="axios" type="javaScript">
      <properties>
        <sourceFilesUrls>
          <item url="file://$APPLICATION_CONFIG_DIR$/javascript/extLibs/http_unpkg.com_axios_dist_axios.js" />
        </sourceFilesUrls>
      </properties>
      <CLASSES>
        <root url="file://$APPLICATION_CONFIG_DIR$/javascript/extLibs/http_unpkg.com_axios_dist_axios.js" />
      </CLASSES>
      <SOURCES />
    </library>
    <library name="get4data" type="javaScript">
      <properties>
        <sourceFilesUrls>
          <item url="file://$APPLICATION_CONFIG_DIR$/javascript/extLibs/http_cdn.dnpw.org_project_404_1_get4data.js" />
        </sourceFilesUrls>
      </properties>
      <CLASSES>
        <root url="file://$APPLICATION_CONFIG_DIR$/javascript/extLibs/http_cdn.dnpw.org_project_404_1_get4data.js" />
      </CLASSES>
      <SOURCES />
    </library>
    <library name="index" type="javaScript">
      <properties>
        <sourceFilesUrls>
          <item url="file://$APPLICATION_CONFIG_DIR$/javascript/extLibs/http_unpkg.com_element-ui_lib_index.js" />
        </sourceFilesUrls>
      </properties>
      <CLASSES>
        <root url="file://$APPLICATION_CONFIG_DIR$/javascript/extLibs/http_unpkg.com_element-ui_lib_index.js" />
      </CLASSES>
      <SOURCES />
    </library>
    <library name="jquery" type="javaScript">
      <properties>
        <option name="frameworkName" value="jQuery" />
        <sourceFilesUrls>
          <item url="file://$APPLICATION_CONFIG_DIR$/javascript/extLibs/http_mat1.gtimg.com_libs_jquery_1.11.3_jquery.js" />
          <item url="file://$APPLICATION_CONFIG_DIR$/javascript/extLibs/http_unpkg.com_jquery@3.4.1_dist_jquery.js" />
        </sourceFilesUrls>
      </properties>
      <CLASSES>
        <root url="file://$APPLICATION_CONFIG_DIR$/javascript/extLibs/http_mat1.gtimg.com_libs_jquery_1.11.3_jquery.js" />
        <root url="file://$APPLICATION_CONFIG_DIR$/javascript/extLibs/http_unpkg.com_jquery@3.4.1_dist_jquery.js" />
      </CLASSES>
      <DOCUMENTATION>
        <root url="http://api.jquery.com" />
      </DOCUMENTATION>
      <SOURCES />
    </library>
    <library name="vue" type="javaScript">
      <properties>
        <sourceFilesUrls>
          <item url="file://$APPLICATION_CONFIG_DIR$/javascript/extLibs/http_cdn.jsdelivr.net_npm_vue@2.6.10_dist_vue.js" />
          <item url="file://$APPLICATION_CONFIG_DIR$/javascript/extLibs/http_unpkg.com_vue@2.6.10_dist_vue.js" />
        </sourceFilesUrls>
      </properties>
      <CLASSES>
        <root url="file://$APPLICATION_CONFIG_DIR$/javascript/extLibs/http_cdn.jsdelivr.net_npm_vue@2.6.10_dist_vue.js" />
        <root url="file://$APPLICATION_CONFIG_DIR$/javascript/extLibs/http_unpkg.com_vue@2.6.10_dist_vue.js" />
      </CLASSES>
      <SOURCES />
    </library>
  </component>
</application>